,count,mean,std,min,25%,50%,75%,max
runner_id,9109.0,244851.1573169393,78253.82039216303,191003.0,221005.0,231001.0,231010.0,542012.0
session_id,9109.0,1.419365462729169,0.8486745932679377,1.0,1.0,1.0,1.0,4.0
start_s,9109.0,39.94100421112866,24.710104265242432,0.0,17.509310007095337,40.00089502334595,60.00954723358154,85.00996589660645
end_s,9109.0,44.93096524109915,24.709762478351564,4.956415891647339,22.496684074401855,44.99189901351929,64.99976992607117,89.99886512756348
duration,9109.0,4.989961029970498,0.005041849366082024,4.8765692710876465,4.985826015472412,4.99178409576416,4.992906093597412,4.999786138534546
n_samples,9109.0,502.2364694258426,2.0831592774915544,466.0,501.0,503.0,504.0,523.0
reported_rpe,9109.0,4.630146009441212,1.7334594405898982,1.0,3.0,5.0,6.0,8.0
estimated_rpe,0.0,,,,,,,
AccX_centered_mean,9109.0,0.00035776987759979874,0.04928459156723578,-0.393787300194002,-0.024889912323405348,-0.0009430694435726384,0.0233593449118651,0.43844744854710177
AccX_centered_std,9109.0,0.8399921432668522,0.19542458509037994,0.005706965859244259,0.7482057477339987,0.8530450029442245,0.9697699607579231,1.6697804049069813
AccX_centered_mad,9109.0,0.6750294913960111,0.1878827499900647,0.003676928579807247,0.5698344409465789,0.6971354335546494,0.7997641861438751,1.3027543127536776
AccX_centered_min,9109.0,-1.7058213947884624,0.5489830193823168,-8.725279207255795,-2.001994956442466,-1.6388175534266303,-1.3822328353631828,-0.0214302902810112
AccX_centered_p25,9109.0,-0.7893079622010569,0.2034845581223967,-1.4159777983178694,-0.9165431543664179,-0.8151923072599909,-0.7088734698353543,0.24345482533632046
AccX_centered_median,9109.0,0.15339752646919225,0.2179031697907233,-0.5044116457933259,-0.009709381019075702,0.17163137339014145,0.31820464210634913,0.8874075689073652
AccX_centered_p75,9109.0,0.7319884159623281,0.18719678865782105,-0.29272232677849486,0.6520982772597474,0.7551691048312414,0.8466151288582219,1.4648490640423781
AccX_centered_max,9109.0,1.7919446042633387,0.7807491462632091,-0.0684322582166643,1.3036471459008754,1.6077254087953932,2.1530966255737267,17.586154584858463
AccX_centered_iqr,9109.0,1.521296378163385,0.36508808971043666,0.007280506193637799,1.391417309641838,1.5819178819656372,1.741619735956192,2.617675602436066
AccX_centered_rms,9109.0,0.8410706604394051,0.19319586196571506,0.007551329390371399,0.7483151915609317,0.8533595283043511,0.9697110200572032,1.6704696860423516
AccX_centered_skew,9109.0,-0.07121868084321084,0.2833443958553024,-6.779460955831408,-0.2031331234874439,-0.09589758925668111,0.024938141288055212,5.194954422810027
AccX_centered_kurt,9109.0,-1.0583557080407466,3.0901033000225766,-1.8020337855510093,-1.5401038601726298,-1.3587586198670463,-1.0402958278575762,149.76492038568443
AccX_centered_nan_frac,9109.0,0.0,0.0,0.0,0.0,0.0,0.0,0.0
AccY_centered_mean,9109.0,0.0008671144541215431,0.04520482888229564,-0.40933807658468907,-0.01943612974603536,0.0017893032761963931,0.02410304105175128,0.25616191835897334
AccY_centered_std,9109.0,0.3861115080913508,0.13821475695784166,0.0066056617838991544,0.2925289475819754,0.3525042972871395,0.4477871956344259,1.624568071586099
AccY_centered_mad,9109.0,0.24139514295065803,0.08107435306346687,0.0037034153938292347,0.183052271604538,0.2308015376329422,0.2868469655513763,0.7490080595016478
AccY_centered_min,9109.0,-1.121695569935226,0.577332854913914,-17.95517173632457,-1.3069914416727713,-1.0016487297415215,-0.7894777109310445,-0.02404016956795733
AccY_centered_p25,9109.0,-0.24932038733482068,0.10559204806603716,-0.9150541079083665,-0.2933449178420835,-0.2281024089828133,-0.17627141260443663,0.03238436728123297
AccY_centered_median,9109.0,-0.0032682318204272135,0.07628648196855102,-0.38554247364955435,-0.03259290811233752,0.009718781526614317,0.04183605383346886,0.25552426966693664
AccY_centered_p75,9109.0,0.24972313887419165,0.10010627481459729,-0.33549202542260476,0.18301226036943316,0.23754698476324687,0.3040020900592208,0.7153751376451821
AccY_centered_max,9109.0,1.135826500072016,0.600120819616027,-0.23612963716939284,0.7601004237838918,0.9843609119388792,1.328154112958246,7.375772640709869
AccY_centered_iqr,9109.0,0.4990435262090124,0.18137714156462922,0.007321715354919323,0.37257565185427666,0.46754296869039536,0.5820765048265457,1.5944766402244568
AccY_centered_rms,9109.0,0.38860369455378724,0.13741037101927786,0.009517927214262069,0.2946655697039904,0.354419208065392,0.45038544723347373,1.6230197258741128
AccY_centered_skew,9109.0,-0.02366951835732489,0.6186731730894963,-9.447573671183997,-0.3799366778207838,-0.08872205049339654,0.27660990927831447,4.469786421449719
AccY_centered_kurt,9109.0,0.6373107217067019,2.680678450388324,-1.4746937196848053,-0.2891558290316145,0.11461888113284502,0.8439839121270083,146.31043778742654
AccY_centered_nan_frac,9109.0,0.0,0.0,0.0,0.0,0.0,0.0,0.0
AccZ_centered_mean,9109.0,0.000419157403697375,0.04947837604689918,-0.3510930914190636,-0.029401256681434663,-0.0005425360401471096,0.029000797424097634,0.48300045976768324
AccZ_centered_std,9109.0,1.4053323277910397,0.3726392194129978,0.007975955303590477,1.2372031006480182,1.4103298921196001,1.5934135489258494,2.4671900106382787
AccZ_centered_mad,9109.0,0.7352164903235843,0.1899703455897834,0.005292072892189005,0.6188245713710785,0.7781510353088379,0.8769852519035339,1.3002595901489258
AccZ_centered_min,9109.0,-1.9444212596494714,0.5852596322867385,-11.603610940065133,-2.134609297805362,-1.920554452388237,-1.698632039308548,-0.029789382446366888
AccZ_centered_p25,9109.0,-1.0621335252232613,0.2627734204543891,-1.596847498582469,-1.2159905474384627,-1.094912555111779,-0.9521813972809663,0.07448030736049016
AccZ_centered_median,9109.0,-0.4873604984069752,0.2855195964230154,-1.2564415671833686,-0.6404691886007785,-0.4829732648332914,-0.3333288483818372,0.48973743458237085
AccZ_centered_p75,9109.0,0.905094763223849,0.2567923038739876,-0.3338435362401456,0.796574589341879,0.9587162138024967,1.0744262331856622,1.7297807937570744
AccZ_centered_max,9109.0,3.9867987150580864,1.386279077514699,-0.09612195210909068,3.201425803653896,3.818382574790054,4.685932005859083,13.846854997455814
AccZ_centered_iqr,9109.0,1.9672282884471104,0.466676832775242,0.010551527142524698,1.82338285446167,2.0607632994651794,2.2680451720952988,2.941191554069519
AccZ_centered_rms,9109.0,1.4052985186966271,0.37039414379412033,0.009745301421326732,1.2364484011399535,1.4095683623207886,1.592438327655802,2.465428009902592
AccZ_centered_skew,9109.0,0.7765381038855067,0.39949778860362933,-1.7481449943568599,0.6093477128931162,0.7757944465261043,0.9994213073663595,5.144404404108242
AccZ_centered_kurt,9109.0,-0.177448479458845,1.4255177377521142,-1.3793252527230415,-0.7342726291628892,-0.47902408903996907,0.018083278016867155,52.73074335352926
AccZ_centered_nan_frac,9109.0,0.0,0.0,0.0,0.0,0.0,0.0,0.0
Acc_mag_mean,9109.0,1.5507664791565063,0.32620323901680065,0.014162488437109072,1.4245840036182742,1.5846561110062674,1.7311493346772187,2.3898708921205944
Acc_mag_std,9109.0,0.7428796126055264,0.2485479884222136,0.006074905702320069,0.590658722056582,0.705513793632406,0.8670564475438285,2.0715693967133197
Acc_mag_mad,9109.0,0.33961350173871885,0.08009217277939722,0.003802591689462612,0.29199860649384884,0.33850000577526296,0.3897304683438031,0.7573254492623889
Acc_mag_min,9109.0,0.38831903230396414,0.17251366607407695,0.0007349873902208639,0.274962800939775,0.39309793536915927,0.4992440077410521,0.9267060298243474
Acc_mag_median,9109.0,1.369802116382561,0.2512084530802366,0.013540035593145885,1.300297965522616,1.4199461437139775,1.5139670494533026,2.099813676133692
Acc_mag_max,9109.0,4.4454273315316515,1.4743759229475089,0.03452568964105269,3.5937763304463957,4.277262817810767,5.142977988777187,25.464691390258576
Acc_mag_iqr,9109.0,0.7078347550804046,0.16195588835563604,0.00759114688848803,0.6161863567543768,0.7031796868262168,0.8094794496901027,1.4678593485826548
Acc_mag_rms,9109.0,1.7235896354871525,0.39108242923491776,0.015642799852172064,1.5555917454180181,1.7341156522200394,1.9264642410158752,2.8571499493420554
Acc_mag_skew,9109.0,1.2415297394749731,0.530034334146793,-0.7686829368256216,0.9856129534810847,1.231767619213435,1.5259844888356096,11.672527927467923
Acc_mag_kurt,9109.0,1.7788348722965694,3.539578882036059,-1.1298498667704195,0.788063855785877,1.3850249751525734,2.2041540088424343,150.33500234209214
Acc_mag_nan_frac,9109.0,0.0,0.0,0.0,0.0,0.0,0.0,0.0
Vtr_mean,9109.0,0.1334667159434041,0.02958431765294948,0.001624805391389521,0.11279025466681629,0.13040782034792392,0.15068590681962638,0.31877106663105576
Vtr_std,9109.0,0.05529977548511476,0.013852584059187262,0.0007766729742589618,0.04548603228135354,0.05390397944224294,0.06353996543382985,0.21237256812636227
Vtr_mad,9109.0,0.04108559034602262,0.01171852015024768,0.0005255100458788878,0.032822045465149066,0.040036666171185974,0.04837224296649498,0.09702714428772133
Vtr_min,9109.0,0.017373511796256454,0.013874373142401569,0.000160708662876602,0.008339840543148057,0.013229584604608522,0.02164616207546115,0.13706303945405818
Vtr_p25,9109.0,0.0901752954098005,0.02112665818177854,0.0010471933066567363,0.07662149499299108,0.08834001922667713,0.10099911111348935,0.2597835853479265
Vtr_median,9109.0,0.1356137768072954,0.029560159070325356,0.0015290247098660318,0.11564112900262048,0.1328906089157505,0.15477742563583044,0.31069291265698185
Vtr_p75,9109.0,0.1770948598917881,0.04044930054398268,0.002107983295112171,0.1480737493752844,0.173153069719843,0.20100071762029564,0.3842844048521299
Vtr_max,9109.0,0.24652820047371998,0.05872568038630501,0.003493188793233151,0.20592142852783615,0.23993217038815648,0.2796316200100678,0.7967136539889416
Vtr_iqr,9109.0,0.08691956448198762,0.02382433116606864,0.0010483662141480953,0.06961999558117829,0.08476915794317788,0.1014044231890417,0.1970067661239732
Vtr_rms,9109.0,0.14457240755770112,0.0321075725574454,0.0018005594193174705,0.12192885965989686,0.1412915668834965,0.1633565048586713,0.33283505712777267
Vtr_skew,9109.0,-0.08448705007995047,0.3347347959825229,-1.2904061701079914,-0.3355956850220193,-0.11296397320104146,0.12559757036277505,2.7018328031373233
Vtr_kurt,9109.0,-0.829090544303138,0.41033439436998903,-1.5591630552105864,-0.9976953516244031,-0.8847934644632831,-0.7498999557941937,8.199111228301755
Vtr_nan_frac,9109.0,0.0,0.0,0.0,0.0,0.0,0.0,0.0
jerk_mean,9109.0,96004.54019268659,46374.7061960229,312.6564570622114,61761.9430949573,90944.41738142309,125310.40689281817,365324.9787687932
jerk_std,9109.0,350004.13594281295,237938.1493594019,1047.952179775058,186968.93205620893,293647.0246871225,449708.656981669,2394839.0654470515
jerk_mad,9109.0,18280.632427560693,8002.229747632652,49.05856966128779,11240.044460412248,18161.25842667075,24467.847940301763,69238.28139786443
jerk_min,9109.0,62.16699761054239,99.70246852736814,0.3045523798916957,16.038225872306924,31.27798384254674,62.43641586254266,1439.5684067047814
jerk_p25,9109.0,7997.988477230638,3457.165240899238,20.218903165237656,5337.657203520277,7685.003851708805,10250.789218828397,29481.129904202222
jerk_median,9109.0,22739.745767428187,9739.67321030847,59.12590808546477,14405.025950181374,22518.14070015549,30090.298298928203,88205.21788953058
jerk_p75,9109.0,65606.24738923104,29570.98997118781,152.82217211610805,40722.04437668142,64266.883864607174,88075.8345227546,221654.8665695838
jerk_max,9109.0,5136360.554960371,4415949.059808037,9622.24894168991,2227901.2133601788,3829649.5292503494,6496326.555170878,41970287.57885298
jerk_iqr,9109.0,57608.2589120004,26639.186257422396,132.6032689508704,35420.49876103782,56275.291394927335,77329.07291589302,192173.73666538158
jerk_rms,9109.0,363766.5195681807,240414.1801047163,1102.157023590728,199067.1754422734,309672.2711727597,466275.89229720883,2420184.2244839948
jerk_skew,9109.0,9.556626164108836,3.670827877217817,3.125211593047531,6.779993559187414,8.780950493377874,11.584249059163861,22.074359943835102
jerk_kurt,9109.0,124.07773388735569,92.89974426483823,10.690052358946067,56.967320504652655,94.99098920591791,162.46273897091308,488.77142318198656
jerk_nan_frac,9109.0,0.006419018505829733,0.005176887348438875,0.0,0.001996007984031936,0.005952380952380952,0.00992063492063492,0.0745697896749522
FC_mean,9044.0,156.80383825961417,22.374871715002826,59.0,141.0,161.4796380447474,176.0,197.0
FC_std,9044.0,0.5587151855947234,1.505451419749623,0.0,0.0,0.3777587172935665,0.5285857994639992,66.79335477400316
FC_min,9044.0,156.08834586466165,22.839114911210388,45.0,140.0,161.0,176.0,197.0
FC_median,9044.0,156.80600398053957,22.42541148768256,45.0,141.0,162.0,176.0,197.0
FC_max,9044.0,157.50519681556833,22.015327353396952,59.0,141.0,162.0,176.0,197.0
FC_nan_frac,9109.0,0.0079203919357336,0.0871136708535018,0.0,0.0,0.0,0.0,1.0
SpO2_mean,9109.0,96.36639831674239,1.966683446965503,92.0,95.0,97.0,98.0,100.0
SpO2_std,9109.0,0.000125009473396313,0.011931039313875885,0.0,0.0,0.0,0.0,1.138711293167015
SpO2_min,9109.0,96.36634098144692,1.966744827305918,92.0,95.0,97.0,98.0,100.0
SpO2_median,9109.0,96.36634098144692,1.966744827305918,92.0,95.0,97.0,98.0,100.0
SpO2_max,9109.0,96.36667032605116,1.9665997038406184,92.0,95.0,97.0,98.0,100.0
SpO2_nan_frac,9109.0,0.0,0.0,0.0,0.0,0.0,0.0,0.0
